{"cameraMode":{"drawMode":0,"name":"Shaded","section":"Shading Mode"},"sceneLighting":false,"audioPlay":false,"sceneViewState":{"m_AlwaysRefresh":false,"showFog":false,"showSkybox":false,"showFlares":false,"showImageEffects":false,"showParticleSystems":false,"showVisualEffectGraphs":true,"m_FxEnabled":true},"in2DMode":false,"pivot":{"x":0.009860125370323658,"y":0.03756270930171013,"z":-0.008665677160024643},"rotation":{"x":-0.00024282986123580486,"y":0.9991055130958557,"z":0.04317515343427658,"w":0.006618207786232233},"size":0.07346552610397339,"orthographic":false}