{"cameraMode":{"drawMode":0,"name":"Shaded","section":"Shading Mode"},"sceneLighting":false,"audioPlay":false,"sceneViewState":{"m_AlwaysRefresh":false,"showFog":false,"showSkybox":false,"showFlares":false,"showImageEffects":false,"showParticleSystems":false,"showVisualEffectGraphs":true,"m_FxEnabled":true},"in2DMode":false,"pivot":{"x":-3.5762786865234377e-7,"y":0.9644522666931152,"z":-0.018197238445281984},"rotation":{"x":0.19182774424552918,"y":0.7450699806213379,"z":-0.24184928834438325,"w":0.5912853479385376},"size":1.506752371788025,"orthographic":false}