{"cameraMode":{"drawMode":0,"name":"Shaded","section":"Shading Mode"},"sceneLighting":false,"audioPlay":false,"sceneViewState":{"m_AlwaysRefresh":true,"showFog":true,"showSkybox":false,"showFlares":true,"showImageEffects":false,"showParticleSystems":true,"showVisualEffectGraphs":true,"m_FxEnabled":true},"in2DMode":false,"pivot":{"x":828.6715698242188,"y":1.0872836112976075,"z":278.0921325683594},"rotation":{"x":0.055845584720373157,"y":0.698152482509613,"z":-0.054783303290605548,"w":0.7116671800613403},"size":1.0091862678527833,"orthographic":false}