{"cameraMode":{"drawMode":0,"name":"Shaded","section":"Shading Mode"},"sceneLighting":false,"audioPlay":false,"sceneViewState":{"m_AlwaysRefresh":true,"showFog":true,"showSkybox":false,"showFlares":true,"showImageEffects":false,"showParticleSystems":true,"showVisualEffectGraphs":true,"m_FxEnabled":true},"in2DMode":false,"pivot":{"x":-13.288524627685547,"y":3.0433731079101564,"z":-0.2642202377319336},"rotation":{"x":0.11546880006790161,"y":0.8147708773612976,"z":-0.17393718659877778,"w":0.5410060286521912},"size":15.994098663330079,"orthographic":false}