{"cameraMode":{"drawMode":0,"name":"Shaded","section":"Shading Mode"},"sceneLighting":false,"audioPlay":false,"sceneViewState":{"m_AlwaysRefresh":true,"showFog":true,"showSkybox":false,"showFlares":true,"showImageEffects":false,"showParticleSystems":true,"showVisualEffectGraphs":true,"m_FxEnabled":true},"in2DMode":false,"pivot":{"x":-0.17172111570835114,"y":-1.474022388458252,"z":0.08279120922088623},"rotation":{"x":0.12768058478832246,"y":0.4177802801132202,"z":-0.0594550296664238,"w":0.8975944519042969},"size":0.6748311519622803,"orthographic":false}