{"cameraMode":{"drawMode":0,"name":"Shaded","section":"Shading Mode"},"sceneLighting":false,"audioPlay":false,"sceneViewState":{"m_AlwaysRefresh":true,"showFog":true,"showSkybox":false,"showFlares":true,"showImageEffects":false,"showParticleSystems":true,"showVisualEffectGraphs":true,"m_FxEnabled":true},"in2DMode":false,"pivot":{"x":257.8768005371094,"y":1.4294099807739258,"z":122.46465301513672},"rotation":{"x":-0.04995036497712135,"y":0.6550340056419373,"z":-0.043546345084905627,"w":-0.7527534365653992},"size":0.15960925817489625,"orthographic":false}