{"cameraMode":{"drawMode":0,"name":"Shaded","section":"Shading Mode"},"sceneLighting":false,"audioPlay":false,"sceneViewState":{"m_AlwaysRefresh":false,"showFog":true,"showSkybox":false,"showFlares":true,"showImageEffects":true,"showParticleSystems":true,"showVisualEffectGraphs":true,"m_FxEnabled":true},"in2DMode":false,"pivot":{"x":268.2269592285156,"y":0.7825220823287964,"z":107.29222106933594},"rotation":{"x":0.5091519355773926,"y":-0.49084654450416567,"z":0.5022023320198059,"w":0.49768245220184328},"size":2.0122218132019045,"orthographic":false}