{"cameraMode":{"drawMode":0,"name":"Shaded","section":"Shading Mode"},"sceneLighting":false,"audioPlay":false,"sceneViewState":{"m_AlwaysRefresh":true,"showFog":true,"showSkybox":false,"showFlares":true,"showImageEffects":false,"showParticleSystems":true,"showVisualEffectGraphs":true,"m_FxEnabled":true},"in2DMode":false,"pivot":{"x":249.78213500976563,"y":-13.798477172851563,"z":58.411319732666019},"rotation":{"x":0.00010253659274894744,"y":0.9856512546539307,"z":-0.16900387406349183,"w":0.00029019376961514354},"size":24.309066772460939,"orthographic":false}