{"cameraMode":{"drawMode":0,"name":"Shaded","section":"Shading Mode"},"sceneLighting":false,"audioPlay":false,"sceneViewState":{"m_AlwaysRefresh":false,"showFog":false,"showSkybox":false,"showFlares":false,"showImageEffects":false,"showParticleSystems":false,"showVisualEffectGraphs":true,"m_FxEnabled":true},"in2DMode":false,"pivot":{"x":-0.3886806070804596,"y":2.4366321563720705,"z":-3.5996060371398927},"rotation":{"x":-0.0037178185302764179,"y":0.9864715337753296,"z":-0.1630544662475586,"w":-0.021979402750730516},"size":3.3371036052703859,"orthographic":false}