{"cameraMode":{"drawMode":0,"name":"Shaded","section":"Shading Mode"},"sceneLighting":false,"audioPlay":false,"sceneViewState":{"m_AlwaysRefresh":false,"showFog":true,"showSkybox":false,"showFlares":true,"showImageEffects":true,"showParticleSystems":true,"showVisualEffectGraphs":true,"m_FxEnabled":true},"in2DMode":false,"pivot":{"x":-0.1529020369052887,"y":0.0872599333524704,"z":0.05114690959453583},"rotation":{"x":0.21008142828941346,"y":-0.47507309913635256,"z":0.11792586743831635,"w":0.846325695514679},"size":0.20016229152679444,"orthographic":false}