{"cameraMode":{"drawMode":0,"name":"Shaded","section":"Shading Mode"},"sceneLighting":false,"audioPlay":false,"sceneViewState":{"m_AlwaysRefresh":true,"showFog":true,"showSkybox":false,"showFlares":true,"showImageEffects":false,"showParticleSystems":true,"showVisualEffectGraphs":true,"m_FxEnabled":true},"in2DMode":false,"pivot":{"x":0.2915096879005432,"y":0.14199285209178925,"z":0.24470174312591554},"rotation":{"x":0.1101677343249321,"y":0.7802677750587463,"z":-0.1433919072151184,"w":0.5988516807556152},"size":0.36676356196403506,"orthographic":false}