{"cameraMode":{"drawMode":0,"name":"Shaded","section":"Shading Mode"},"sceneLighting":false,"audioPlay":false,"sceneViewState":{"m_AlwaysRefresh":false,"showFog":false,"showSkybox":false,"showFlares":false,"showImageEffects":false,"showParticleSystems":false,"showVisualEffectGraphs":true,"m_FxEnabled":true},"in2DMode":false,"pivot":{"x":0.0226161926984787,"y":1.144290804862976,"z":-1.2011675834655762},"rotation":{"x":-0.0007004250073805451,"y":0.9986390471458435,"z":-0.05128897354006767,"w":-0.01436074823141098},"size":1.3732560873031617,"orthographic":false}