{"cameraMode":{"drawMode":0,"name":"Shaded","section":"Shading Mode"},"sceneLighting":false,"audioPlay":false,"sceneViewState":{"m_AlwaysRefresh":true,"showFog":true,"showSkybox":false,"showFlares":true,"showImageEffects":false,"showParticleSystems":true,"showVisualEffectGraphs":true,"m_FxEnabled":true},"in2DMode":false,"pivot":{"x":256.3215026855469,"y":1.0774776935577393,"z":120.34820556640625},"rotation":{"x":-0.1011463925242424,"y":-0.21697139739990235,"z":0.02255380153656006,"w":-0.9707000851631165},"size":1.2768999338150025,"orthographic":false}