{"cameraMode":{"drawMode":0,"name":"Shaded","section":"Shading Mode"},"sceneLighting":false,"audioPlay":false,"sceneViewState":{"m_AlwaysRefresh":true,"showFog":true,"showSkybox":false,"showFlares":true,"showImageEffects":false,"showParticleSystems":true,"showVisualEffectGraphs":true,"m_FxEnabled":true},"in2DMode":false,"pivot":{"x":0.014070459641516209,"y":-0.008273409679532051,"z":-0.07883134484291077},"rotation":{"x":-0.0011205748887732626,"y":-0.9980165958404541,"z":0.060263119637966159,"w":-0.018542654812335969},"size":0.17746244370937348,"orthographic":false}