{"cameraMode":{"drawMode":0,"name":"Shaded","section":"Shading Mode"},"sceneLighting":false,"audioPlay":false,"sceneViewState":{"m_AlwaysRefresh":true,"showFog":true,"showSkybox":false,"showFlares":true,"showImageEffects":false,"showParticleSystems":true,"showVisualEffectGraphs":true,"m_FxEnabled":true},"in2DMode":false,"pivot":{"x":-0.6517412662506104,"y":0.48680543899536135,"z":0.1733391284942627},"rotation":{"x":0.17040152847766877,"y":-0.6935878992080689,"z":0.17442429065704347,"w":0.6779367327690125},"size":1.5025174617767335,"orthographic":false}