{"cameraMode":{"drawMode":0,"name":"Shaded","section":"Shading Mode"},"sceneLighting":false,"audioPlay":false,"sceneViewState":{"m_AlwaysRefresh":false,"showFog":false,"showSkybox":false,"showFlares":false,"showImageEffects":false,"showParticleSystems":false,"showVisualEffectGraphs":true,"m_FxEnabled":true},"in2DMode":false,"pivot":{"x":0.08284896612167359,"y":-0.09827858209609986,"z":-0.1848618984222412},"rotation":{"x":-0.019287865608930589,"y":0.9696155190467835,"z":-0.22990457713603974,"w":-0.08134590089321137},"size":0.8606046438217163,"orthographic":false}