{"cameraMode":{"drawMode":0,"name":"Shaded","section":"Shading Mode"},"sceneLighting":false,"audioPlay":false,"sceneViewState":{"m_AlwaysRefresh":false,"showFog":false,"showSkybox":false,"showFlares":false,"showImageEffects":false,"showParticleSystems":false,"showVisualEffectGraphs":true,"m_FxEnabled":true},"in2DMode":false,"pivot":{"x":0.19024601578712464,"y":0.9898332357406616,"z":-1.2423614263534547},"rotation":{"x":-0.00003983045826316811,"y":0.9954701662063599,"z":-0.09617266058921814,"w":0.0002140764845535159},"size":1.6158623695373536,"orthographic":false}