{"cameraMode":{"drawMode":0,"name":"Shaded","section":"Shading Mode"},"sceneLighting":false,"audioPlay":false,"sceneViewState":{"m_AlwaysRefresh":false,"showFog":true,"showSkybox":false,"showFlares":true,"showImageEffects":true,"showParticleSystems":true,"showVisualEffectGraphs":true,"m_FxEnabled":true},"in2DMode":false,"pivot":{"x":1.239844799041748,"y":-0.5932251214981079,"z":0.014955639839172364},"rotation":{"x":0.15185271203517915,"y":0.7587785124778748,"z":-0.19076763093471528,"w":0.6039924025535584},"size":1.426436185836792,"orthographic":false}