{"cameraMode":{"drawMode":0,"name":"Shaded","section":"Shading Mode"},"sceneLighting":false,"audioPlay":false,"sceneViewState":{"m_AlwaysRefresh":true,"showFog":true,"showSkybox":false,"showFlares":true,"showImageEffects":false,"showParticleSystems":true,"showVisualEffectGraphs":true,"m_FxEnabled":true},"in2DMode":false,"pivot":{"x":224.2920684814453,"y":3.073580026626587,"z":219.02586364746095},"rotation":{"x":-0.02281438373029232,"y":-0.00800666306167841,"z":0.000015163554962782655,"w":-0.9998504519462586},"size":0.9032142758369446,"orthographic":false}