{"cameraMode":{"drawMode":0,"name":"Shaded","section":"Shading Mode"},"sceneLighting":false,"audioPlay":false,"sceneViewState":{"m_AlwaysRefresh":false,"showFog":false,"showSkybox":false,"showFlares":false,"showImageEffects":false,"showParticleSystems":false,"showVisualEffectGraphs":true,"m_FxEnabled":true},"in2DMode":false,"pivot":{"x":0.12275364995002747,"y":0.004338979721069336,"z":-0.06708145141601563},"rotation":{"x":0.04334810748696327,"y":0.9490118026733398,"z":-0.2737310826778412,"w":0.150406152009964},"size":0.5695571899414063,"orthographic":false}