{"cameraMode":{"drawMode":0,"name":"Shaded","section":"Shading Mode"},"sceneLighting":false,"audioPlay":false,"sceneViewState":{"m_AlwaysRefresh":false,"showFog":false,"showSkybox":false,"showFlares":false,"showImageEffects":false,"showParticleSystems":false,"showVisualEffectGraphs":true,"m_FxEnabled":true},"in2DMode":false,"pivot":{"x":0.026712894439697267,"y":2.7528514862060549,"z":0.06387901306152344},"rotation":{"x":-0.023688143119215967,"y":0.9756690263748169,"z":-0.171808660030365,"w":-0.13433429598808289},"size":5.485189914703369,"orthographic":false}