{"cameraMode":{"drawMode":0,"name":"Shaded","section":"Shading Mode"},"sceneLighting":false,"audioPlay":false,"sceneViewState":{"m_AlwaysRefresh":true,"showFog":true,"showSkybox":false,"showFlares":true,"showImageEffects":false,"showParticleSystems":true,"showVisualEffectGraphs":true,"m_FxEnabled":true},"in2DMode":false,"pivot":{"x":-1.3158931732177735,"y":11.416973114013672,"z":-2.6824190616607668},"rotation":{"x":0.10329394787549973,"y":0.08308890461921692,"z":-0.00830216333270073,"w":0.9911473393440247},"size":6.147770881652832,"orthographic":false}