{"cameraMode":{"drawMode":0,"name":"Shaded","section":"Shading Mode"},"sceneLighting":false,"audioPlay":false,"sceneViewState":{"m_AlwaysRefresh":false,"showFog":true,"showSkybox":false,"showFlares":true,"showImageEffects":true,"showParticleSystems":true,"showVisualEffectGraphs":true,"m_FxEnabled":true},"in2DMode":false,"pivot":{"x":-84.62289428710938,"y":-0.40399932861328127,"z":-0.11710000038146973},"rotation":{"x":0.2404153198003769,"y":-0.06256173551082611,"z":0.015529152937233448,"w":0.9685283899307251},"size":33.591312408447269,"orthographic":false}