{"cameraMode":{"drawMode":0,"name":"Shaded","section":"Shading Mode"},"sceneLighting":false,"audioPlay":false,"sceneViewState":{"m_AlwaysRefresh":false,"showFog":false,"showSkybox":false,"showFlares":false,"showImageEffects":false,"showParticleSystems":false,"showVisualEffectGraphs":true,"m_FxEnabled":true},"in2DMode":false,"pivot":{"x":0.2734214663505554,"y":1.1045175790786744,"z":-0.6729774475097656},"rotation":{"x":0.006895941216498613,"y":0.9929425716400147,"z":-0.09442529827356339,"w":0.07223440706729889},"size":1.0581895112991334,"orthographic":false}