{"cameraMode":{"drawMode":0,"name":"Shaded","section":"Shading Mode"},"sceneLighting":false,"audioPlay":false,"sceneViewState":{"m_AlwaysRefresh":true,"showFog":true,"showSkybox":false,"showFlares":true,"showImageEffects":false,"showParticleSystems":true,"showVisualEffectGraphs":true,"m_FxEnabled":true},"in2DMode":false,"pivot":{"x":0.4214053750038147,"y":-0.41677629947662356,"z":0.5539217591285706},"rotation":{"x":0.23169949650764466,"y":0.1960206925868988,"z":-0.047664619982242587,"w":0.9516589045524597},"size":1.2220842838287354,"orthographic":false}