{"cameraMode":{"drawMode":0,"name":"Shaded","section":"Shading Mode"},"sceneLighting":false,"audioPlay":false,"sceneViewState":{"m_AlwaysRefresh":true,"showFog":true,"showSkybox":false,"showFlares":true,"showImageEffects":false,"showParticleSystems":true,"showVisualEffectGraphs":true,"m_FxEnabled":true},"in2DMode":false,"pivot":{"x":254.1397247314453,"y":0.2290000021457672,"z":123.72699737548828},"rotation":{"x":0.262543648481369,"y":0.14755608141422273,"z":-0.040284037590026858,"w":0.9528378248214722},"size":0.24495086073875428,"orthographic":false}