{"cameraMode":{"drawMode":0,"name":"Shaded","section":"Shading Mode"},"sceneLighting":false,"audioPlay":false,"sceneViewState":{"m_AlwaysRefresh":true,"showFog":true,"showSkybox":false,"showFlares":true,"showImageEffects":false,"showParticleSystems":true,"showVisualEffectGraphs":true,"m_FxEnabled":true},"in2DMode":false,"pivot":{"x":267.8007507324219,"y":0.6762321591377258,"z":105.93913269042969},"rotation":{"x":-0.0032231586519628765,"y":0.9946820139884949,"z":-0.09760110080242157,"w":-0.0328521765768528},"size":1.6508865356445313,"orthographic":false}