{"cameraMode":{"drawMode":0,"name":"Shaded","section":"Shading Mode"},"sceneLighting":false,"audioPlay":false,"sceneViewState":{"m_AlwaysRefresh":true,"showFog":true,"showSkybox":false,"showFlares":true,"showImageEffects":false,"showParticleSystems":true,"showVisualEffectGraphs":true,"m_FxEnabled":true},"in2DMode":false,"pivot":{"x":0.40191560983657839,"y":1.2132912874221802,"z":-0.11723929643630982},"rotation":{"x":0.13198836147785188,"y":0.6839259266853333,"z":-0.12785455584526063,"w":0.7060322165489197},"size":0.6196507811546326,"orthographic":false}