{"cameraMode":{"drawMode":0,"name":"Shaded","section":"Shading Mode"},"sceneLighting":false,"audioPlay":false,"sceneViewState":{"m_AlwaysRefresh":true,"showFog":true,"showSkybox":false,"showFlares":true,"showImageEffects":false,"showParticleSystems":true,"showVisualEffectGraphs":true,"m_FxEnabled":true},"in2DMode":false,"pivot":{"x":-1.8191087245941163,"y":2.2393951416015627,"z":3.3308897018432619},"rotation":{"x":0.2311961054801941,"y":0.08917476236820221,"z":-0.021282153204083444,"w":0.9685896039009094},"size":1.678766131401062,"orthographic":false}