{"cameraMode":{"drawMode":0,"name":"Shaded","section":"Shading Mode"},"sceneLighting":false,"audioPlay":false,"sceneViewState":{"m_AlwaysRefresh":false,"showFog":false,"showSkybox":false,"showFlares":false,"showImageEffects":false,"showParticleSystems":false,"showVisualEffectGraphs":true,"m_FxEnabled":true},"in2DMode":false,"pivot":{"x":-0.06748420000076294,"y":1.742005705833435,"z":0.027204692363739015},"rotation":{"x":0.449176549911499,"y":0.16111144423484803,"z":-0.08276069164276123,"w":0.8749210834503174},"size":1.1748030185699463,"orthographic":false}