{"cameraMode":{"drawMode":0,"name":"Shaded","section":"Shading Mode"},"sceneLighting":false,"audioPlay":false,"sceneViewState":{"m_AlwaysRefresh":true,"showFog":true,"showSkybox":false,"showFlares":true,"showImageEffects":false,"showParticleSystems":true,"showVisualEffectGraphs":true,"m_FxEnabled":true},"in2DMode":false,"pivot":{"x":-0.054514169692993167,"y":0.46765977144241335,"z":-0.05021357536315918},"rotation":{"x":0.20884062349796296,"y":0.6902233958244324,"z":-0.2194916307926178,"w":0.6571155190467835},"size":1.0742239952087403,"orthographic":false}