{"cameraMode":{"drawMode":0,"name":"Shaded","section":"Shading Mode"},"sceneLighting":false,"audioPlay":false,"sceneViewState":{"m_AlwaysRefresh":false,"showFog":false,"showSkybox":false,"showFlares":false,"showImageEffects":false,"showParticleSystems":false,"showVisualEffectGraphs":true,"m_FxEnabled":true},"in2DMode":false,"pivot":{"x":-0.046413540840148929,"y":0.2051941156387329,"z":-1.3855600357055665},"rotation":{"x":0.010066471993923188,"y":-0.9893361330032349,"z":0.09112941473722458,"w":0.1132025495171547},"size":2.104490280151367,"orthographic":false}