{"cameraMode":{"drawMode":0,"name":"Shaded","section":"Shading Mode"},"sceneLighting":false,"audioPlay":false,"sceneViewState":{"m_AlwaysRefresh":true,"showFog":true,"showSkybox":false,"showFlares":true,"showImageEffects":false,"showParticleSystems":true,"showVisualEffectGraphs":true,"m_FxEnabled":true},"in2DMode":false,"pivot":{"x":0.01150241494178772,"y":0.00019659195095300674,"z":-0.010533496737480164},"rotation":{"x":0.10481727123260498,"y":0.68519526720047,"z":-0.10061746835708618,"w":0.7137367129325867},"size":0.11721964925527573,"orthographic":false}