{"cameraMode":{"drawMode":0,"name":"Shaded","section":"Shading Mode"},"sceneLighting":false,"audioPlay":false,"sceneViewState":{"m_AlwaysRefresh":true,"showFog":true,"showSkybox":false,"showFlares":true,"showImageEffects":false,"showParticleSystems":true,"showVisualEffectGraphs":true,"m_FxEnabled":true},"in2DMode":false,"pivot":{"x":224.41859436035157,"y":3.046116590499878,"z":218.45997619628907},"rotation":{"x":0.005112761165946722,"y":0.9883639812469482,"z":-0.1481734961271286,"w":0.034096114337444308},"size":1.2268706560134888,"orthographic":false}