{"cameraMode":{"drawMode":0,"name":"Shaded","section":"Shading Mode"},"sceneLighting":false,"audioPlay":false,"sceneViewState":{"m_AlwaysRefresh":false,"showFog":false,"showSkybox":false,"showFlares":false,"showImageEffects":false,"showParticleSystems":false,"showVisualEffectGraphs":true,"m_FxEnabled":true},"in2DMode":false,"pivot":{"x":-0.11928042769432068,"y":1.6400071382522584,"z":-2.4977383613586427},"rotation":{"x":-0.002019390230998397,"y":-0.9925426244735718,"z":0.12150553613901138,"w":-0.017184993252158166},"size":3.401151180267334,"orthographic":false}