{"cameraMode":{"drawMode":0,"name":"Shaded","section":"Shading Mode"},"sceneLighting":false,"audioPlay":false,"sceneViewState":{"m_AlwaysRefresh":true,"showFog":true,"showSkybox":false,"showFlares":true,"showImageEffects":false,"showParticleSystems":true,"showVisualEffectGraphs":true,"m_FxEnabled":true},"in2DMode":false,"pivot":{"x":-1.1206135749816895,"y":3.0549023151397707,"z":0.6952066421508789},"rotation":{"x":0.07859236747026444,"y":0.8527337312698364,"z":-0.13438543677330018,"w":0.4986741244792938},"size":2.1750338077545168,"orthographic":false}