{"cameraMode":{"drawMode":0,"name":"Shaded","section":"Shading Mode"},"sceneLighting":false,"audioPlay":false,"sceneViewState":{"m_AlwaysRefresh":false,"showFog":false,"showSkybox":false,"showFlares":false,"showImageEffects":false,"showParticleSystems":false,"showVisualEffectGraphs":true,"m_FxEnabled":true},"in2DMode":false,"pivot":{"x":0.2168513983488083,"y":0.24866947531700135,"z":0.6673253774642944},"rotation":{"x":-0.006553420796990395,"y":0.9884650111198425,"z":-0.04481782764196396,"w":-0.14454130828380586},"size":0.40796685218811037,"orthographic":false}