{"cameraMode":{"drawMode":0,"name":"Shaded","section":"Shading Mode"},"sceneLighting":false,"audioPlay":false,"sceneViewState":{"m_AlwaysRefresh":true,"showFog":true,"showSkybox":false,"showFlares":true,"showImageEffects":false,"showParticleSystems":true,"showVisualEffectGraphs":true,"m_FxEnabled":true},"in2DMode":false,"pivot":{"x":-0.032187022268772128,"y":11.955307006835938,"z":-0.30373311042785647},"rotation":{"x":0.009313429705798626,"y":0.004102042876183987,"z":0.00031664365087635815,"w":0.9999545216560364},"size":6.5591888427734379,"orthographic":false}