{"cameraMode":{"drawMode":0,"name":"Shaded","section":"Shading Mode"},"sceneLighting":false,"audioPlay":false,"sceneViewState":{"m_AlwaysRefresh":true,"showFog":true,"showSkybox":false,"showFlares":true,"showImageEffects":false,"showParticleSystems":true,"showVisualEffectGraphs":true,"m_FxEnabled":true},"in2DMode":false,"pivot":{"x":-0.18385934829711915,"y":0.5073130130767822,"z":0.16279125213623048},"rotation":{"x":0.1515294313430786,"y":0.2264576554298401,"z":-0.03568617254495621,"w":0.9615122079849243},"size":4.820632457733154,"orthographic":false}