{"cameraMode":{"drawMode":0,"name":"Shaded","section":"Shading Mode"},"sceneLighting":false,"audioPlay":false,"sceneViewState":{"m_AlwaysRefresh":true,"showFog":true,"showSkybox":false,"showFlares":true,"showImageEffects":false,"showParticleSystems":true,"showVisualEffectGraphs":true,"m_FxEnabled":true},"in2DMode":false,"pivot":{"x":-0.04114463925361633,"y":0.041940897703170779,"z":0.27570289373397829},"rotation":{"x":-0.291430801153183,"y":0.6048377752304077,"z":-0.25321900844573977,"w":-0.6967028379440308},"size":1.0251165628433228,"orthographic":false}