{"cameraMode":{"drawMode":0,"name":"Shaded","section":"Shading Mode"},"sceneLighting":false,"audioPlay":false,"sceneViewState":{"m_AlwaysRefresh":true,"showFog":true,"showSkybox":false,"showFlares":true,"showImageEffects":false,"showParticleSystems":true,"showVisualEffectGraphs":true,"m_FxEnabled":true},"in2DMode":false,"pivot":{"x":0.30849266052246096,"y":1.0469945669174195,"z":-5.995580673217773},"rotation":{"x":0.22041979432106019,"y":0.023707455024123193,"z":-0.005354980938136578,"w":0.9751133918762207},"size":5.6617302894592289,"orthographic":false}