{"cameraMode":{"drawMode":0,"name":"Shaded","section":"Shading Mode"},"sceneLighting":false,"audioPlay":false,"sceneViewState":{"m_AlwaysRefresh":true,"showFog":true,"showSkybox":false,"showFlares":true,"showImageEffects":false,"showParticleSystems":true,"showVisualEffectGraphs":true,"m_FxEnabled":true},"in2DMode":false,"pivot":{"x":-0.08975507318973541,"y":-0.34194615483283999,"z":0.26553720235824587},"rotation":{"x":-0.424709290266037,"y":-0.5652253031730652,"z":0.42422494292259219,"w":-0.5659610629081726},"size":0.742611289024353,"orthographic":false}