{"cameraMode":{"drawMode":0,"name":"Shaded","section":"Shading Mode"},"sceneLighting":false,"audioPlay":false,"sceneViewState":{"m_AlwaysRefresh":true,"showFog":true,"showSkybox":false,"showFlares":true,"showImageEffects":false,"showParticleSystems":true,"showVisualEffectGraphs":true,"m_FxEnabled":true},"in2DMode":false,"pivot":{"x":2.1173882484436037,"y":2.978550434112549,"z":-11.368765830993653},"rotation":{"x":0.22180292010307313,"y":-0.034253157675266269,"z":0.008157878182828427,"w":0.9744780659675598},"size":3.7362987995147707,"orthographic":false}