{"cameraMode":{"drawMode":0,"name":"Shaded","section":"Shading Mode"},"sceneLighting":false,"audioPlay":false,"sceneViewState":{"m_AlwaysRefresh":true,"showFog":true,"showSkybox":false,"showFlares":true,"showImageEffects":false,"showParticleSystems":true,"showVisualEffectGraphs":true,"m_FxEnabled":true},"in2DMode":false,"pivot":{"x":389.58880615234377,"y":299.0331115722656,"z":-0.32636451721191409},"rotation":{"x":-0.024310896173119546,"y":0.005096977576613426,"z":-0.00017854286124929786,"w":-0.9997285604476929},"size":10.961736679077149,"orthographic":false}