{"cameraMode":{"drawMode":0,"name":"Shaded","section":"Shading Mode"},"sceneLighting":false,"audioPlay":false,"sceneViewState":{"m_AlwaysRefresh":true,"showFog":true,"showSkybox":false,"showFlares":true,"showImageEffects":false,"showParticleSystems":true,"showVisualEffectGraphs":true,"m_FxEnabled":true},"in2DMode":false,"pivot":{"x":0.8576464653015137,"y":1.6903282403945923,"z":-0.3427262306213379},"rotation":{"x":0.14197008311748506,"y":0.6167255640029907,"z":-0.11433465033769608,"w":0.7657845616340637},"size":1.7209080457687379,"orthographic":false}