{"cameraMode":{"drawMode":0,"name":"Shaded","section":"Shading Mode"},"sceneLighting":false,"audioPlay":false,"sceneViewState":{"m_AlwaysRefresh":false,"showFog":false,"showSkybox":false,"showFlares":false,"showImageEffects":false,"showParticleSystems":false,"showVisualEffectGraphs":true,"m_FxEnabled":true},"in2DMode":false,"pivot":{"x":0.001191854476928711,"y":0.8806195259094238,"z":-0.0004425942897796631},"rotation":{"x":0.05577047914266586,"y":-0.9272592663764954,"z":0.15482205152511598,"w":0.33632758259773257},"size":1.5002094507217408,"orthographic":false}