{"cameraMode":{"drawMode":0,"name":"Shaded","section":"Shading Mode"},"sceneLighting":false,"audioPlay":false,"sceneViewState":{"m_AlwaysRefresh":false,"showFog":false,"showSkybox":false,"showFlares":false,"showImageEffects":false,"showParticleSystems":false,"showVisualEffectGraphs":true,"m_FxEnabled":true},"in2DMode":false,"pivot":{"x":0.023190200328826906,"y":-0.008618772029876709,"z":-0.010763287544250489},"rotation":{"x":0.449176549911499,"y":0.16111144423484803,"z":-0.08276069164276123,"w":0.8749210834503174},"size":0.9618605375289917,"orthographic":false}