{"cameraMode":{"drawMode":0,"name":"Shaded","section":"Shading Mode"},"sceneLighting":true,"audioPlay":false,"sceneViewState":{"m_AlwaysRefresh":true,"showFog":true,"showSkybox":true,"showFlares":true,"showImageEffects":false,"showParticleSystems":true,"showVisualEffectGraphs":true,"m_FxEnabled":true},"in2DMode":false,"pivot":{"x":255.73593139648438,"y":1.3984607458114625,"z":121.79692077636719},"rotation":{"x":0.17764778435230256,"y":-0.6755014061927795,"z":0.17332816123962403,"w":0.6943672895431519},"size":4.750950336456299,"orthographic":false}