{"cameraMode":{"drawMode":0,"name":"Shaded","section":"Shading Mode"},"sceneLighting":true,"audioPlay":false,"sceneViewState":{"m_AlwaysRefresh":true,"showFog":true,"showSkybox":true,"showFlares":true,"showImageEffects":false,"showParticleSystems":true,"showVisualEffectGraphs":true,"m_FxEnabled":true},"in2DMode":false,"pivot":{"x":824.4788818359375,"y":1.3273259401321412,"z":274.6884460449219},"rotation":{"x":0.21876050531864167,"y":0.6816373467445374,"z":-0.22579911351203919,"w":0.6607308387756348},"size":4.4812493324279789,"orthographic":false}