{"cameraMode":{"drawMode":0,"name":"Shaded","section":"Shading Mode"},"sceneLighting":true,"audioPlay":false,"sceneViewState":{"m_AlwaysRefresh":true,"showFog":true,"showSkybox":true,"showFlares":true,"showImageEffects":false,"showParticleSystems":true,"showVisualEffectGraphs":true,"m_FxEnabled":true},"in2DMode":false,"pivot":{"x":524.7326049804688,"y":1.9813015460968018,"z":349.96759033203127},"rotation":{"x":0.006370780989527702,"y":0.916524350643158,"z":-0.3997769355773926,"w":0.01460152305662632},"size":1.4990757703781129,"orthographic":false}