{"cameraMode":{"drawMode":0,"name":"Shaded","section":"Shading Mode"},"sceneLighting":true,"audioPlay":false,"sceneViewState":{"m_AlwaysRefresh":true,"showFog":true,"showSkybox":true,"showFlares":true,"showImageEffects":false,"showParticleSystems":true,"showVisualEffectGraphs":true,"m_FxEnabled":true},"in2DMode":false,"pivot":{"x":-0.9573509693145752,"y":-4.83510160446167,"z":12.418255805969239},"rotation":{"x":0.19385705888271333,"y":-0.04445440322160721,"z":0.009158044122159481,"w":0.9799826741218567},"size":7.253791809082031,"orthographic":false}