{"cameraMode":{"drawMode":0,"name":"Shaded","section":"Shading Mode"},"sceneLighting":true,"audioPlay":false,"sceneViewState":{"m_AlwaysRefresh":true,"showFog":true,"showSkybox":true,"showFlares":true,"showImageEffects":false,"showParticleSystems":true,"showVisualEffectGraphs":true,"m_FxEnabled":true},"in2DMode":false,"pivot":{"x":250.98934936523438,"y":-2.7653679847717287,"z":149.97845458984376},"rotation":{"x":0.14043369889259339,"y":-0.07304946333169937,"z":0.010747317224740982,"w":0.9873431921005249},"size":17.85147476196289,"orthographic":false}