{"cameraMode":{"drawMode":0,"name":"Shaded","section":"Shading Mode"},"sceneLighting":true,"audioPlay":false,"sceneViewState":{"m_AlwaysRefresh":true,"showFog":true,"showSkybox":true,"showFlares":true,"showImageEffects":false,"showParticleSystems":true,"showVisualEffectGraphs":true,"m_FxEnabled":true},"in2DMode":false,"pivot":{"x":869.5033569335938,"y":563.5401611328125,"z":263.43408203125},"rotation":{"x":0.039299800992012027,"y":0.0018105966737493873,"z":-0.0000710086605977267,"w":0.9992291331291199},"size":665.8047485351563,"orthographic":false}