{"cameraMode":{"drawMode":0,"name":"Shaded","section":"Shading Mode"},"sceneLighting":true,"audioPlay":false,"sceneViewState":{"m_AlwaysRefresh":true,"showFog":true,"showSkybox":true,"showFlares":true,"showImageEffects":false,"showParticleSystems":true,"showVisualEffectGraphs":true,"m_FxEnabled":true},"in2DMode":false,"pivot":{"x":737.8638916015625,"y":592.1036987304688,"z":-342.6949157714844},"rotation":{"x":0.10511793196201325,"y":0.0026210055220872165,"z":0.00008163507300196216,"w":0.9944580793380737},"size":159.12571716308595,"orthographic":false}