{"cameraMode":{"drawMode":0,"name":"Shaded","section":"Shading Mode"},"sceneLighting":true,"audioPlay":false,"sceneViewState":{"m_AlwaysRefresh":true,"showFog":true,"showSkybox":true,"showFlares":true,"showImageEffects":false,"showParticleSystems":true,"showVisualEffectGraphs":true,"m_FxEnabled":true},"in2DMode":false,"pivot":{"x":258.45013427734377,"y":1.8428237438201905,"z":123.2857894897461},"rotation":{"x":0.21679823100566865,"y":-0.5880635380744934,"z":0.16798929870128632,"w":0.7609630823135376},"size":0.8252304792404175,"orthographic":false}