{"cameraMode":{"drawMode":0,"name":"Shaded","section":"Shading Mode"},"sceneLighting":true,"audioPlay":false,"sceneViewState":{"m_AlwaysRefresh":true,"showFog":true,"showSkybox":true,"showFlares":true,"showImageEffects":false,"showParticleSystems":true,"showVisualEffectGraphs":true,"m_FxEnabled":true},"in2DMode":false,"pivot":{"x":260.95892333984377,"y":1.2999043464660645,"z":64.15005493164063},"rotation":{"x":0.04814912751317024,"y":-0.9355304837226868,"z":0.14023162424564362,"w":0.3207443654537201},"size":0.39736777544021609,"orthographic":false}