{"cameraMode":{"drawMode":0,"name":"Shaded","section":"Shading Mode"},"sceneLighting":false,"audioPlay":false,"sceneViewState":{"m_AlwaysRefresh":true,"showFog":true,"showSkybox":true,"showFlares":true,"showImageEffects":false,"showParticleSystems":true,"showVisualEffectGraphs":true,"m_FxEnabled":true},"in2DMode":false,"pivot":{"x":889.5498657226563,"y":3.9525649547576906,"z":180.45677185058595},"rotation":{"x":0.3551257848739624,"y":0.6186627745628357,"z":-0.36858394742012026,"w":0.5960693955421448},"size":1.6717405319213868,"orthographic":false}