{"cameraMode":{"drawMode":0,"name":"Shaded","section":"Shading Mode"},"sceneLighting":true,"audioPlay":false,"sceneViewState":{"m_AlwaysRefresh":true,"showFog":true,"showSkybox":true,"showFlares":true,"showImageEffects":false,"showParticleSystems":true,"showVisualEffectGraphs":true,"m_FxEnabled":true},"in2DMode":false,"pivot":{"x":3.9559097290039064,"y":4.978782653808594,"z":16.955875396728517},"rotation":{"x":0.14649611711502076,"y":0.7775517106056213,"z":-0.19674666225910188,"w":0.5791102051734924},"size":18.55108070373535,"orthographic":false}