{"cameraMode":{"drawMode":0,"name":"Shaded","section":"Shading Mode"},"sceneLighting":true,"audioPlay":false,"sceneViewState":{"m_AlwaysRefresh":true,"showFog":true,"showSkybox":true,"showFlares":true,"showImageEffects":false,"showParticleSystems":true,"showVisualEffectGraphs":true,"m_FxEnabled":true},"in2DMode":false,"pivot":{"x":813.8675537109375,"y":1.7877583503723145,"z":811.0696411132813},"rotation":{"x":-0.2492111474275589,"y":-0.05687938630580902,"z":0.014664984308183194,"w":-0.9666716456413269},"size":5.4713287353515629,"orthographic":false}