{"cameraMode":{"drawMode":0,"name":"Shaded","section":"Shading Mode"},"sceneLighting":true,"audioPlay":false,"sceneViewState":{"m_AlwaysRefresh":true,"showFog":true,"showSkybox":true,"showFlares":true,"showImageEffects":false,"showParticleSystems":true,"showVisualEffectGraphs":true,"m_FxEnabled":true},"in2DMode":false,"pivot":{"x":820.205322265625,"y":1.5194820165634156,"z":798.2850952148438},"rotation":{"x":-0.26847898960113528,"y":0.0014128622133284808,"z":-0.0003943098708987236,"w":-0.9633020162582398},"size":1.3965232372283936,"orthographic":false}