{"cameraMode":{"drawMode":0,"name":"Shaded","section":"Shading Mode"},"sceneLighting":true,"audioPlay":false,"sceneViewState":{"m_AlwaysRefresh":true,"showFog":true,"showSkybox":true,"showFlares":true,"showImageEffects":false,"showParticleSystems":true,"showVisualEffectGraphs":true,"m_FxEnabled":true},"in2DMode":false,"pivot":{"x":254.45144653320313,"y":-7.182799339294434,"z":262.3408508300781},"rotation":{"x":0.03480243310332298,"y":-0.008370455354452134,"z":0.00034884136402979493,"w":0.9993758201599121},"size":73.73554992675781,"orthographic":false}