{"cameraMode":{"drawMode":0,"name":"Shaded","section":"Shading Mode"},"sceneLighting":true,"audioPlay":false,"sceneViewState":{"m_AlwaysRefresh":true,"showFog":true,"showSkybox":true,"showFlares":true,"showImageEffects":false,"showParticleSystems":true,"showVisualEffectGraphs":true,"m_FxEnabled":true},"in2DMode":false,"pivot":{"x":324.63299560546877,"y":-1.6604282855987549,"z":898.5892944335938},"rotation":{"x":0.17342478036880494,"y":0.01180297788232565,"z":-0.0021724021062254907,"w":0.9848235249519348},"size":8.220489501953125,"orthographic":false}