{"cameraMode":{"drawMode":0,"name":"Shaded","section":"Shading Mode"},"sceneLighting":true,"audioPlay":false,"sceneViewState":{"m_AlwaysRefresh":true,"showFog":true,"showSkybox":true,"showFlares":true,"showImageEffects":false,"showParticleSystems":true,"showVisualEffectGraphs":true,"m_FxEnabled":true},"in2DMode":false,"pivot":{"x":255.0457305908203,"y":3.636484384536743,"z":120.63377380371094},"rotation":{"x":-0.02233947440981865,"y":0.9665050506591797,"z":-0.09046357125043869,"w":-0.23928935825824738},"size":10.034820556640625,"orthographic":false}