{"cameraMode":{"drawMode":0,"name":"Shaded","section":"Shading Mode"},"sceneLighting":true,"audioPlay":false,"sceneViewState":{"m_AlwaysRefresh":true,"showFog":true,"showSkybox":true,"showFlares":true,"showImageEffects":false,"showParticleSystems":true,"showVisualEffectGraphs":true,"m_FxEnabled":true},"in2DMode":false,"pivot":{"x":817.894775390625,"y":3.0149874687194826,"z":798.92431640625},"rotation":{"x":0.09912864118814469,"y":-0.020909897983074189,"z":0.0020318583119660618,"w":0.994900643825531},"size":3.7239298820495607,"orthographic":false}