{"cameraMode":{"drawMode":0,"name":"Shaded","section":"Shading Mode"},"sceneLighting":true,"audioPlay":false,"sceneViewState":{"m_AlwaysRefresh":true,"showFog":true,"showSkybox":true,"showFlares":true,"showImageEffects":false,"showParticleSystems":true,"showVisualEffectGraphs":true,"m_FxEnabled":true},"in2DMode":false,"pivot":{"x":250.0413818359375,"y":-1.2408103942871094,"z":119.45999908447266},"rotation":{"x":0.13575881719589234,"y":-0.7997312545776367,"z":0.19727982580661775,"w":0.5506391525268555},"size":6.160355091094971,"orthographic":false}