{"cameraMode":{"drawMode":0,"name":"Shaded","section":"Shading Mode"},"sceneLighting":true,"audioPlay":false,"sceneViewState":{"m_AlwaysRefresh":true,"showFog":true,"showSkybox":true,"showFlares":true,"showImageEffects":false,"showParticleSystems":true,"showVisualEffectGraphs":true,"m_FxEnabled":true},"in2DMode":false,"pivot":{"x":329.53863525390627,"y":-1.6079659461975098,"z":893.7545166015625},"rotation":{"x":0.29437482357025149,"y":0.008598027750849724,"z":-0.002653753152117133,"w":0.9556643962860107},"size":8.220458984375,"orthographic":false}