{"cameraMode":{"drawMode":0,"name":"Shaded","section":"Shading Mode"},"sceneLighting":true,"audioPlay":false,"sceneViewState":{"m_AlwaysRefresh":true,"showFog":true,"showSkybox":true,"showFlares":true,"showImageEffects":false,"showParticleSystems":true,"showVisualEffectGraphs":true,"m_FxEnabled":true},"in2DMode":false,"pivot":{"x":261.4143981933594,"y":-0.12544870376586915,"z":121.15416717529297},"rotation":{"x":0.28281116485595705,"y":0.023316703736782075,"z":-0.006876879837363958,"w":0.9588709473609924},"size":5.758388042449951,"orthographic":false}