{"cameraMode":{"drawMode":0,"name":"Shaded","section":"Shading Mode"},"sceneLighting":true,"audioPlay":false,"sceneViewState":{"m_AlwaysRefresh":true,"showFog":true,"showSkybox":true,"showFlares":true,"showImageEffects":false,"showParticleSystems":true,"showVisualEffectGraphs":true,"m_FxEnabled":true},"in2DMode":false,"pivot":{"x":839.0903930664063,"y":5.5960540771484379,"z":278.0938415527344},"rotation":{"x":0.11472512036561966,"y":0.8378385901451111,"z":-0.49748730659484866,"w":0.19339591264724732},"size":52.68581771850586,"orthographic":false}