{"cameraMode":{"drawMode":0,"name":"Shaded","section":"Shading Mode"},"sceneLighting":true,"audioPlay":false,"sceneViewState":{"m_AlwaysRefresh":true,"showFog":true,"showSkybox":true,"showFlares":true,"showImageEffects":false,"showParticleSystems":true,"showVisualEffectGraphs":true,"m_FxEnabled":true},"in2DMode":false,"pivot":{"x":14.649921417236329,"y":18.193666458129884,"z":-42.9870719909668},"rotation":{"x":-0.011084103025496006,"y":0.6857981085777283,"z":-0.010566829703748227,"w":-0.7277437448501587},"size":16.451990127563478,"orthographic":false}