{"cameraMode":{"drawMode":0,"name":"Shaded","section":"Shading Mode"},"sceneLighting":true,"audioPlay":false,"sceneViewState":{"m_AlwaysRefresh":true,"showFog":true,"showSkybox":true,"showFlares":true,"showImageEffects":false,"showParticleSystems":true,"showVisualEffectGraphs":true,"m_FxEnabled":true},"in2DMode":false,"pivot":{"x":525.2305297851563,"y":2.2624855041503908,"z":349.363037109375},"rotation":{"x":0.003901103278622031,"y":0.9195672273635864,"z":-0.392922580242157,"w":0.009133558720350266},"size":1.0991500616073609,"orthographic":false}