{"cameraMode":{"drawMode":0,"name":"Shaded","section":"Shading Mode"},"sceneLighting":true,"audioPlay":false,"sceneViewState":{"m_AlwaysRefresh":true,"showFog":true,"showSkybox":true,"showFlares":true,"showImageEffects":false,"showParticleSystems":true,"showVisualEffectGraphs":true,"m_FxEnabled":true},"in2DMode":false,"pivot":{"x":249.5658721923828,"y":-0.1482614278793335,"z":134.3447265625},"rotation":{"x":0.048282790929079059,"y":-0.018851742148399354,"z":0.0009660440846346319,"w":0.9986658096313477},"size":9.392208099365235,"orthographic":false}