{"cameraMode":{"drawMode":0,"name":"Shaded","section":"Shading Mode"},"sceneLighting":true,"audioPlay":false,"sceneViewState":{"m_AlwaysRefresh":true,"showFog":true,"showSkybox":true,"showFlares":true,"showImageEffects":false,"showParticleSystems":true,"showVisualEffectGraphs":true,"m_FxEnabled":true},"in2DMode":false,"pivot":{"x":230.79476928710938,"y":-53.7622184753418,"z":244.72154235839845},"rotation":{"x":0.24804235994815827,"y":-0.03486530855298042,"z":0.008992333896458149,"w":0.9681369662284851},"size":82.31245422363281,"orthographic":false}