{"cameraMode":{"drawMode":0,"name":"Shaded","section":"Shading Mode"},"sceneLighting":true,"audioPlay":false,"sceneViewState":{"m_AlwaysRefresh":true,"showFog":true,"showSkybox":true,"showFlares":true,"showImageEffects":false,"showParticleSystems":true,"showVisualEffectGraphs":true,"m_FxEnabled":true},"in2DMode":false,"pivot":{"x":949.77880859375,"y":558.382568359375,"z":104.04934692382813},"rotation":{"x":-0.02281438373029232,"y":-0.00800666306167841,"z":0.000015163554962782655,"w":-0.9998504519462586},"size":400.1756896972656,"orthographic":false}