{"cameraMode":{"drawMode":0,"name":"Shaded","section":"Shading Mode"},"sceneLighting":true,"audioPlay":false,"sceneViewState":{"m_AlwaysRefresh":true,"showFog":true,"showSkybox":true,"showFlares":true,"showImageEffects":false,"showParticleSystems":true,"showVisualEffectGraphs":true,"m_FxEnabled":true},"in2DMode":false,"pivot":{"x":328.7636413574219,"y":2.8351058959960939,"z":890.7106323242188},"rotation":{"x":0.2568514943122864,"y":0.019635265693068506,"z":-0.005378923378884792,"w":0.9662951231002808},"size":6.540507793426514,"orthographic":false}