{"cameraMode":{"drawMode":0,"name":"Shaded","section":"Shading Mode"},"sceneLighting":true,"audioPlay":false,"sceneViewState":{"m_AlwaysRefresh":true,"showFog":true,"showSkybox":true,"showFlares":true,"showImageEffects":false,"showParticleSystems":true,"showVisualEffectGraphs":true,"m_FxEnabled":true},"in2DMode":false,"pivot":{"x":812.019287109375,"y":63.06138229370117,"z":-162.20343017578126},"rotation":{"x":0.04227592051029205,"y":0.03209195286035538,"z":-0.0013540463987737895,"w":0.998598039150238},"size":252.64529418945313,"orthographic":false}