{"cameraMode":{"drawMode":0,"name":"Shaded","section":"Shading Mode"},"sceneLighting":true,"audioPlay":false,"sceneViewState":{"m_AlwaysRefresh":true,"showFog":true,"showSkybox":true,"showFlares":true,"showImageEffects":false,"showParticleSystems":true,"showVisualEffectGraphs":true,"m_FxEnabled":true},"in2DMode":false,"pivot":{"x":255.57252502441407,"y":-19.284732818603517,"z":202.71343994140626},"rotation":{"x":0.14380213618278504,"y":-0.009253132157027722,"z":0.0017055050702765585,"w":0.9895650744438171},"size":45.57640838623047,"orthographic":false}