{"cameraMode":{"drawMode":0,"name":"Shaded","section":"Shading Mode"},"sceneLighting":true,"audioPlay":false,"sceneViewState":{"m_AlwaysRefresh":true,"showFog":true,"showSkybox":true,"showFlares":true,"showImageEffects":false,"showParticleSystems":true,"showVisualEffectGraphs":true,"m_FxEnabled":true},"in2DMode":false,"pivot":{"x":255.51702880859376,"y":-2.4226162433624269,"z":125.20793151855469},"rotation":{"x":-0.3044286072254181,"y":0.00948110967874527,"z":-0.0031718818936496975,"w":-0.9526257514953613},"size":5.315002918243408,"orthographic":false}