{"cameraMode":{"drawMode":0,"name":"Shaded","section":"Shading Mode"},"sceneLighting":true,"audioPlay":false,"sceneViewState":{"m_AlwaysRefresh":true,"showFog":true,"showSkybox":true,"showFlares":true,"showImageEffects":false,"showParticleSystems":true,"showVisualEffectGraphs":true,"m_FxEnabled":true},"in2DMode":false,"pivot":{"x":906.3804931640625,"y":592.243408203125,"z":84.578369140625},"rotation":{"x":0.06326944380998612,"y":-0.004493670538067818,"z":0.00021660001948475838,"w":0.9980208277702332},"size":536.8811645507813,"orthographic":false}