{"cameraMode":{"drawMode":0,"name":"Shaded","section":"Shading Mode"},"sceneLighting":true,"audioPlay":false,"sceneViewState":{"m_AlwaysRefresh":true,"showFog":true,"showSkybox":true,"showFlares":true,"showImageEffects":false,"showParticleSystems":true,"showVisualEffectGraphs":true,"m_FxEnabled":true},"in2DMode":false,"pivot":{"x":367.1993408203125,"y":1.8905258178710938,"z":298.67889404296877},"rotation":{"x":0.23156093060970307,"y":0.5726343393325806,"z":-0.17235034704208375,"w":0.7673802375793457},"size":11.75033187866211,"orthographic":false}