{"cameraMode":{"drawMode":0,"name":"Shaded","section":"Shading Mode"},"sceneLighting":true,"audioPlay":false,"sceneViewState":{"m_AlwaysRefresh":true,"showFog":true,"showSkybox":true,"showFlares":true,"showImageEffects":false,"showParticleSystems":true,"showVisualEffectGraphs":true,"m_FxEnabled":true},"in2DMode":false,"pivot":{"x":256.28631591796877,"y":2.663839340209961,"z":134.62872314453126},"rotation":{"x":-0.03479374945163727,"y":-0.029381245374679567,"z":0.0009691232116892934,"w":-0.9989990592002869},"size":1.884643793106079,"orthographic":false}