{"cameraMode":{"drawMode":0,"name":"Shaded","section":"Shading Mode"},"sceneLighting":true,"audioPlay":false,"sceneViewState":{"m_AlwaysRefresh":true,"showFog":true,"showSkybox":true,"showFlares":true,"showImageEffects":false,"showParticleSystems":true,"showVisualEffectGraphs":true,"m_FxEnabled":true},"in2DMode":false,"pivot":{"x":816.1282958984375,"y":10.394577026367188,"z":806.2349243164063},"rotation":{"x":0.07233328372240067,"y":0.7384172677993774,"z":-0.08034905046224594,"w":0.6657809615135193},"size":1.2507655620574952,"orthographic":false}