{"cameraMode":{"drawMode":0,"name":"Shaded","section":"Shading Mode"},"sceneLighting":true,"audioPlay":false,"sceneViewState":{"m_AlwaysRefresh":true,"showFog":true,"showSkybox":true,"showFlares":true,"showImageEffects":false,"showParticleSystems":true,"showVisualEffectGraphs":true,"m_FxEnabled":true},"in2DMode":false,"pivot":{"x":878.1045532226563,"y":560.8565063476563,"z":270.806396484375},"rotation":{"x":0.04229504242539406,"y":-0.007879738695919514,"z":0.0006906524649821222,"w":0.9990771412849426},"size":649.3775024414063,"orthographic":false}