{"cameraMode":{"drawMode":0,"name":"Shaded","section":"Shading Mode"},"sceneLighting":false,"audioPlay":false,"sceneViewState":{"m_AlwaysRefresh":true,"showFog":true,"showSkybox":true,"showFlares":true,"showImageEffects":false,"showParticleSystems":true,"showVisualEffectGraphs":true,"m_FxEnabled":true},"in2DMode":false,"pivot":{"x":345.3658142089844,"y":75.63235473632813,"z":117.65164184570313},"rotation":{"x":0.38324597477912905,"y":0.0027665316592901947,"z":-0.0011478381929919124,"w":0.9236418008804321},"size":27.228382110595704,"orthographic":false}