{"cameraMode":{"drawMode":0,"name":"Shaded","section":"Shading Mode"},"sceneLighting":true,"audioPlay":false,"sceneViewState":{"m_AlwaysRefresh":true,"showFog":true,"showSkybox":true,"showFlares":true,"showImageEffects":false,"showParticleSystems":true,"showVisualEffectGraphs":true,"m_FxEnabled":true},"in2DMode":false,"pivot":{"x":255.54177856445313,"y":7.585899353027344,"z":134.65493774414063},"rotation":{"x":0.5233309864997864,"y":0.013300525955855847,"z":-0.0082057761028409,"w":0.8520247936248779},"size":82.48613739013672,"orthographic":false}