{"cameraMode":{"drawMode":0,"name":"Shaded","section":"Shading Mode"},"sceneLighting":true,"audioPlay":false,"sceneViewState":{"m_AlwaysRefresh":true,"showFog":true,"showSkybox":true,"showFlares":true,"showImageEffects":false,"showParticleSystems":true,"showVisualEffectGraphs":true,"m_FxEnabled":true},"in2DMode":false,"pivot":{"x":255.34661865234376,"y":0.39559340476989748,"z":124.05585479736328},"rotation":{"x":0.33610671758651736,"y":-0.5990458130836487,"z":0.30528637766838076,"w":0.659537672996521},"size":1.3901406526565552,"orthographic":false}