{"cameraMode":{"drawMode":0,"name":"Shaded","section":"Shading Mode"},"sceneLighting":false,"audioPlay":false,"sceneViewState":{"m_AlwaysRefresh":true,"showFog":true,"showSkybox":true,"showFlares":true,"showImageEffects":false,"showParticleSystems":true,"showVisualEffectGraphs":true,"m_FxEnabled":true},"in2DMode":false,"pivot":{"x":846.4033813476563,"y":-15.354135513305664,"z":746.1458740234375},"rotation":{"x":0.02236401103436947,"y":0.9719372391700745,"z":-0.21051792800426484,"w":0.10302989929914475},"size":23.522937774658204,"orthographic":false}