{"cameraMode":{"drawMode":0,"name":"Shaded","section":"Shading Mode"},"sceneLighting":true,"audioPlay":false,"sceneViewState":{"m_AlwaysRefresh":true,"showFog":true,"showSkybox":true,"showFlares":true,"showImageEffects":false,"showParticleSystems":true,"showVisualEffectGraphs":true,"m_FxEnabled":true},"in2DMode":false,"pivot":{"x":284.1401062011719,"y":-10.923369407653809,"z":140.18807983398438},"rotation":{"x":0.17098069190979005,"y":0.5762909054756165,"z":-0.12482541054487229,"w":0.7893585562705994},"size":20.536033630371095,"orthographic":false}