{"cameraMode":{"drawMode":0,"name":"Shaded","section":"Shading Mode"},"sceneLighting":true,"audioPlay":false,"sceneViewState":{"m_AlwaysRefresh":true,"showFog":true,"showSkybox":true,"showFlares":true,"showImageEffects":false,"showParticleSystems":true,"showVisualEffectGraphs":true,"m_FxEnabled":true},"in2DMode":false,"pivot":{"x":1293.2305908203125,"y":642.5661010742188,"z":-218.47796630859376},"rotation":{"x":0.03780113533139229,"y":0.008121450431644917,"z":-0.0003366772143635899,"w":0.9992852807044983},"size":439.8848876953125,"orthographic":false}