{"cameraMode":{"drawMode":0,"name":"Shaded","section":"Shading Mode"},"sceneLighting":true,"audioPlay":false,"sceneViewState":{"m_AlwaysRefresh":true,"showFog":true,"showSkybox":true,"showFlares":true,"showImageEffects":false,"showParticleSystems":true,"showVisualEffectGraphs":true,"m_FxEnabled":true},"in2DMode":false,"pivot":{"x":1292.747314453125,"y":811.6272583007813,"z":-6.298583984375},"rotation":{"x":0.021307306364178659,"y":-0.009871814399957657,"z":0.0002148543280782178,"w":0.9997327923774719},"size":544.6157836914063,"orthographic":false}