{"cameraMode":{"drawMode":0,"name":"Shaded","section":"Shading Mode"},"sceneLighting":true,"audioPlay":false,"sceneViewState":{"m_AlwaysRefresh":true,"showFog":true,"showSkybox":true,"showFlares":true,"showImageEffects":false,"showParticleSystems":true,"showVisualEffectGraphs":true,"m_FxEnabled":true},"in2DMode":false,"pivot":{"x":255.66036987304688,"y":1.6939318180084229,"z":122.37730407714844},"rotation":{"x":0.12401371449232102,"y":-0.720495879650116,"z":0.13362069427967072,"w":0.6691741347312927},"size":0.9648141860961914,"orthographic":false}