{"cameraMode":{"drawMode":0,"name":"Shaded","section":"Shading Mode"},"sceneLighting":true,"audioPlay":false,"sceneViewState":{"m_AlwaysRefresh":true,"showFog":true,"showSkybox":true,"showFlares":true,"showImageEffects":false,"showParticleSystems":true,"showVisualEffectGraphs":true,"m_FxEnabled":true},"in2DMode":false,"pivot":{"x":257.3999938964844,"y":0.15700006484985352,"z":121.46000671386719},"rotation":{"x":0.11920866370201111,"y":-0.6925550699234009,"z":0.11770973354578018,"w":0.7017307281494141},"size":4.169308662414551,"orthographic":false}