{"cameraMode":{"drawMode":0,"name":"Shaded","section":"Shading Mode"},"sceneLighting":true,"audioPlay":false,"sceneViewState":{"m_AlwaysRefresh":true,"showFog":true,"showSkybox":true,"showFlares":true,"showImageEffects":false,"showParticleSystems":true,"showVisualEffectGraphs":true,"m_FxEnabled":true},"in2DMode":false,"pivot":{"x":807.5082397460938,"y":-0.23957476019859315,"z":779.3953857421875},"rotation":{"x":-0.0009164390503428876,"y":0.8627814054489136,"z":-0.0015600514598190785,"w":-0.5055981278419495},"size":3.4090871810913088,"orthographic":false}