{"cameraMode":{"drawMode":0,"name":"Shaded","section":"Shading Mode"},"sceneLighting":true,"audioPlay":false,"sceneViewState":{"m_AlwaysRefresh":true,"showFog":true,"showSkybox":true,"showFlares":true,"showImageEffects":false,"showParticleSystems":true,"showVisualEffectGraphs":true,"m_FxEnabled":true},"in2DMode":false,"pivot":{"x":282.9097900390625,"y":0.12607574462890626,"z":119.17693328857422},"rotation":{"x":0.14333392679691316,"y":0.689481258392334,"z":-0.14152510464191438,"w":0.6957724690437317},"size":19.606542587280275,"orthographic":false}