{"cameraMode":{"drawMode":0,"name":"Shaded","section":"Shading Mode"},"sceneLighting":true,"audioPlay":false,"sceneViewState":{"m_AlwaysRefresh":true,"showFog":true,"showSkybox":true,"showFlares":true,"showImageEffects":false,"showParticleSystems":true,"showVisualEffectGraphs":true,"m_FxEnabled":true},"in2DMode":false,"pivot":{"x":257.76715087890627,"y":0.7301576137542725,"z":125.08721923828125},"rotation":{"x":-0.08746025711297989,"y":0.9016244411468506,"z":-0.21664221584796906,"w":-0.36399319767951968},"size":1.7276923656463624,"orthographic":false}