{"cameraMode":{"drawMode":0,"name":"Shaded","section":"Shading Mode"},"sceneLighting":false,"audioPlay":false,"sceneViewState":{"m_AlwaysRefresh":true,"showFog":true,"showSkybox":false,"showFlares":true,"showImageEffects":false,"showParticleSystems":true,"showVisualEffectGraphs":true,"m_FxEnabled":true},"in2DMode":false,"pivot":{"x":1.1377716064453126,"y":9.954499244689942,"z":0.1611785888671875},"rotation":{"x":-0.16750219464302064,"y":0.013062813319265843,"z":-0.0025750319473445417,"w":-0.9858005046844482},"size":11.94926643371582,"orthographic":false}