{"cameraMode":{"drawMode":0,"name":"Shaded","section":"Shading Mode"},"sceneLighting":false,"audioPlay":false,"sceneViewState":{"m_AlwaysRefresh":true,"showFog":true,"showSkybox":false,"showFlares":true,"showImageEffects":false,"showParticleSystems":true,"showVisualEffectGraphs":true,"m_FxEnabled":true},"in2DMode":false,"pivot":{"x":0.00836559385061264,"y":0.10537602007389069,"z":-0.005193561315536499},"rotation":{"x":0.01329606119543314,"y":0.2959659695625305,"z":-0.0037541917990893127,"w":0.9551532864570618},"size":0.10533927381038666,"orthographic":false}