{"cameraMode":{"drawMode":0,"name":"Shaded","section":"Shading Mode"},"sceneLighting":false,"audioPlay":false,"sceneViewState":{"m_AlwaysRefresh":true,"showFog":true,"showSkybox":false,"showFlares":true,"showImageEffects":false,"showParticleSystems":true,"showVisualEffectGraphs":true,"m_FxEnabled":true},"in2DMode":false,"pivot":{"x":-1.7182579040527344,"y":2.5130348205566408,"z":0.5884008407592773},"rotation":{"x":0.07859236747026444,"y":0.8527337312698364,"z":-0.13438543677330018,"w":0.4986741244792938},"size":1.0778529644012452,"orthographic":false}