{"cameraMode":{"drawMode":0,"name":"Shaded","section":"Shading Mode"},"sceneLighting":false,"audioPlay":false,"sceneViewState":{"m_AlwaysRefresh":true,"showFog":true,"showSkybox":false,"showFlares":true,"showImageEffects":false,"showParticleSystems":true,"showVisualEffectGraphs":true,"m_FxEnabled":true},"in2DMode":false,"pivot":{"x":-0.033507585525512698,"y":-2.4864161014556886,"z":2.006225824356079},"rotation":{"x":-0.32438328862190249,"y":0.0008736095041967928,"z":-0.0005199204897508025,"w":-0.9460722208023071},"size":1.4215171337127686,"orthographic":false}