{"cameraMode":{"drawMode":0,"name":"Shaded","section":"Shading Mode"},"sceneLighting":false,"audioPlay":false,"sceneViewState":{"m_AlwaysRefresh":true,"showFog":true,"showSkybox":false,"showFlares":true,"showImageEffects":false,"showParticleSystems":true,"showVisualEffectGraphs":true,"m_FxEnabled":true},"in2DMode":false,"pivot":{"x":-0.17172111570835114,"y":-1.474022388458252,"z":0.08279120922088623},"rotation":{"x":-0.2817043364048004,"y":0.5922582149505615,"z":-0.23243577778339387,"w":-0.7184160947799683},"size":0.6748311519622803,"orthographic":false}