{"cameraMode":{"drawMode":0,"name":"Shaded","section":"Shading Mode"},"sceneLighting":false,"audioPlay":false,"sceneViewState":{"m_AlwaysRefresh":true,"showFog":true,"showSkybox":false,"showFlares":true,"showImageEffects":false,"showParticleSystems":true,"showVisualEffectGraphs":true,"m_FxEnabled":true},"in2DMode":false,"pivot":{"x":0.015658855438232423,"y":1.0469945669174195,"z":-0.05688505992293358},"rotation":{"x":0.12135864794254303,"y":0.049418382346630099,"z":-0.0060462867841124538,"w":0.9913703799247742},"size":1.768971562385559,"orthographic":false}