{"cameraMode":{"drawMode":0,"name":"Shaded","section":"Shading Mode"},"sceneLighting":false,"audioPlay":false,"sceneViewState":{"m_AlwaysRefresh":true,"showFog":true,"showSkybox":false,"showFlares":true,"showImageEffects":false,"showParticleSystems":true,"showVisualEffectGraphs":true,"m_FxEnabled":true},"in2DMode":false,"pivot":{"x":-0.6795330047607422,"y":-0.6942251920700073,"z":0.31188932061195376},"rotation":{"x":0.17040152847766877,"y":-0.6935878992080689,"z":0.17442429065704347,"w":0.6779367327690125},"size":1.5864360332489014,"orthographic":false}